subcategory,layer,promoted_for,rank,token,diff,self_logit,other_logit
memory_discontinuity,1,self,1,erville,0.5497,-2.8378,-3.3874
memory_discontinuity,1,self,2,楽し,0.5486,-1.0652,-1.6138
memory_discontinuity,1,self,3,standing,0.5479,0.8805,0.3326
memory_discontinuity,1,self,4,isten,0.547,-3.4325,-3.9794
memory_discontinuity,1,self,5,머,0.5395,-0.8073,-1.3468
memory_discontinuity,1,self,6,気に入,0.5207,-0.0162,-0.5368
memory_discontinuity,1,self,7,ieu,0.5128,-0.9214,-1.4342
memory_discontinuity,1,self,8,DataURL,0.5097,0.9004,0.3907
memory_discontinuity,1,self,9,Trie,0.505,1.1382,0.6332
memory_discontinuity,1,self,10,Fritz,0.5007,1.3995,0.8988
memory_discontinuity,1,self,11,ren,0.5005,1.4359,0.9353
memory_discontinuity,1,self,12,Erotik,0.4977,1.636,1.1383
memory_discontinuity,1,self,13,ContentLoaded,0.4959,2.7632,2.2673
memory_discontinuity,1,self,14,stadt,0.4944,-2.6074,-3.1018
memory_discontinuity,1,self,15,PathComponent,0.4929,-2.5475,-3.0404
memory_discontinuity,1,other,1,ampo,0.6382,-3.2481,-2.6098
memory_discontinuity,1,other,2,oola,0.5483,-1.3675,-0.8193
memory_discontinuity,1,other,3,tử,0.5284,-0.799,-0.2706
memory_discontinuity,1,other,4,anja,0.503,-0.3175,0.1856
memory_discontinuity,1,other,5,endez,0.4963,-0.9518,-0.4555
memory_discontinuity,1,other,6,arro,0.4864,-1.846,-1.3596
memory_discontinuity,1,other,7,egal,0.4844,-1.6181,-1.1337
memory_discontinuity,1,other,8,тє,0.4682,0.8101,1.2782
memory_discontinuity,1,other,9,nesc,0.466,0.9534,1.4193
memory_discontinuity,1,other,10,té,0.4584,1.0512,1.5096
memory_discontinuity,1,other,11,velope,0.4557,1.3037,1.7594
memory_discontinuity,1,other,12,'я,0.4549,-0.2686,0.1863
memory_discontinuity,1,other,13,нице,0.4533,0.9049,1.3582
memory_discontinuity,1,other,14,geb,0.4489,-4.5018,-4.0528
memory_discontinuity,1,other,15,Flo,0.4487,-1.556,-1.1072
memory_discontinuity,2,self,1,ellers,0.6258,-2.0484,-2.6743
memory_discontinuity,2,self,2,Erotik,0.6161,2.3921,1.776
memory_discontinuity,2,self,3,isten,0.6077,-3.5312,-4.1388
memory_discontinuity,2,self,4,nett,0.5958,-0.7984,-1.3943
memory_discontinuity,2,self,5,izers,0.5933,1.4458,0.8525
memory_discontinuity,2,self,6,ayed,0.5838,-0.1971,-0.7809
memory_discontinuity,2,self,7,Copyright,0.5741,-1.5354,-2.1094
memory_discontinuity,2,self,8,elled,0.5641,-0.9868,-1.5509
memory_discontinuity,2,self,9,imizer,0.554,1.6588,1.1049
memory_discontinuity,2,self,10,OTT,0.553,0.3939,-0.1591
memory_discontinuity,2,self,11,Counties,0.5502,1.0095,0.4592
memory_discontinuity,2,self,12,ding,0.5476,0.7236,0.176
memory_discontinuity,2,self,13,ork,0.5459,2.686,2.1401
memory_discontinuity,2,self,14,ilis,0.5441,0.2714,-0.2727
memory_discontinuity,2,self,15,ance,0.5386,1.5189,0.9803
memory_discontinuity,2,other,1,engan,0.7752,1.9826,2.7578
memory_discontinuity,2,other,2,Guth,0.7088,-2.8623,-2.1535
memory_discontinuity,2,other,3,apl,0.7016,1.2012,1.9028
memory_discontinuity,2,other,4,jured,0.6534,-5.5418,-4.8884
memory_discontinuity,2,other,5,apl,0.6524,-1.5518,-0.8995
memory_discontinuity,2,other,6,oblin,0.6512,1.3472,1.9984
memory_discontinuity,2,other,7,exus,0.6511,1.3303,1.9814
memory_discontinuity,2,other,8,prech,0.6367,-0.2237,0.4131
memory_discontinuity,2,other,9,aza,0.6155,2.3185,2.934
memory_discontinuity,2,other,10,ether,0.6086,2.412,3.0206
memory_discontinuity,2,other,11,ego,0.5996,-2.6163,-2.0167
memory_discontinuity,2,other,12,odont,0.5986,-0.1644,0.4342
memory_discontinuity,2,other,13,undone,0.5976,0.7814,1.379
memory_discontinuity,2,other,14,Boeh,0.5962,-1.3467,-0.7504
memory_discontinuity,2,other,15,Https,0.5962,1.1029,1.6991
memory_discontinuity,3,self,1,zzo,0.815,-1.6265,-2.4414
memory_discontinuity,3,self,2,ื้,0.7811,-0.3658,-1.1469
memory_discontinuity,3,self,3,трон,0.7666,0.1148,-0.6519
memory_discontinuity,3,self,4,atatype,0.7646,-2.2169,-2.9815
memory_discontinuity,3,self,5,.scalablytyped,0.7607,1.9981,1.2374
memory_discontinuity,3,self,6,orer,0.7381,2.4585,1.7204
memory_discontinuity,3,self,7,udit,0.728,3.2105,2.4825
memory_discontinuity,3,self,8,γρά,0.6989,1.3443,0.6454
memory_discontinuity,3,self,9,orest,0.6978,0.0708,-0.627
memory_discontinuity,3,self,10,edir,0.6937,8.0588,7.3652
memory_discontinuity,3,self,11,edes,0.677,2.7537,2.0767
memory_discontinuity,3,self,12,icense,0.668,-0.425,-1.093
memory_discontinuity,3,self,13,agma,0.6675,3.0537,2.3863
memory_discontinuity,3,self,14,ogui,0.6611,4.8042,4.1431
memory_discontinuity,3,self,15,uder,0.6579,4.4023,3.7445
memory_discontinuity,3,other,1,endo,0.7423,-1.4036,-0.6613
memory_discontinuity,3,other,2,Looper,0.7067,3.1365,3.8433
memory_discontinuity,3,other,3,ευ,0.685,1.0891,1.7741
memory_discontinuity,3,other,4,ırak,0.6816,0.107,0.7885
memory_discontinuity,3,other,5,gebn,0.6137,-0.1149,0.4988
memory_discontinuity,3,other,6,进,0.6042,0.9694,1.5736
memory_discontinuity,3,other,7,bakan,0.6035,1.8834,2.4868
memory_discontinuity,3,other,8,ake,0.5991,-0.0536,0.5455
memory_discontinuity,3,other,9,ilt,0.5966,-2.2295,-1.6329
memory_discontinuity,3,other,10,slave,0.5957,-0.7242,-0.1285
memory_discontinuity,3,other,11,Wat,0.5933,-1.571,-0.9777
memory_discontinuity,3,other,12,Mun,0.5839,-2.4924,-1.9085
memory_discontinuity,3,other,13,_scheme,0.5782,-1.0132,-0.435
memory_discontinuity,3,other,14,ium,0.5779,1.1471,1.725
memory_discontinuity,3,other,15,Boeh,0.5771,0.3139,0.891
memory_discontinuity,4,self,1,ỉ,1.0997,-2.7219,-3.8217
memory_discontinuity,4,self,2,inders,1.0835,0.4998,-0.5837
memory_discontinuity,4,self,3,jez,1.0256,-0.1716,-1.1972
memory_discontinuity,4,self,4,encode,1.0194,-1.8506,-2.8701
memory_discontinuity,4,self,5,awi,0.9975,0.4391,-0.5584
memory_discontinuity,4,self,6,027,0.9952,-0.7395,-1.7347
memory_discontinuity,4,self,7,aliz,0.9766,5.2,4.2234
memory_discontinuity,4,self,8,otine,0.9686,2.612,1.6434
memory_discontinuity,4,self,9,icot,0.968,0.5863,-0.3818
memory_discontinuity,4,self,10,RESPONS,0.9589,1.5778,0.6189
memory_discontinuity,4,self,11,-responsive,0.9489,1.2771,0.3283
memory_discontinuity,4,self,12,吸,0.9331,4.1325,3.1994
memory_discontinuity,4,self,13,Tap,0.9249,6.6309,5.706
memory_discontinuity,4,self,14,Rica,0.9241,0.66,-0.2642
memory_discontinuity,4,self,15,taps,0.8828,2.5468,1.6639
memory_discontinuity,4,other,1,intern,1.0992,1.339,2.4381
memory_discontinuity,4,other,2,ố,1.0637,0.034,1.0976
memory_discontinuity,4,other,3,ihar,1.0471,1.4675,2.5146
memory_discontinuity,4,other,4,стоя,1.0393,1.8617,2.9011
memory_discontinuity,4,other,5,بود,0.9854,0.2355,1.2209
memory_discontinuity,4,other,6,-boot,0.9697,1.0367,2.0064
memory_discontinuity,4,other,7,oft,0.9528,3.0349,3.9878
memory_discontinuity,4,other,8,ради,0.9454,0.5306,1.476
memory_discontinuity,4,other,9,DISP,0.943,-0.3219,0.621
memory_discontinuity,4,other,10,�,0.9398,-0.0247,0.9152
memory_discontinuity,4,other,11,chein,0.9389,0.6294,1.5683
memory_discontinuity,4,other,12,ett,0.9271,-5.2013,-4.2742
memory_discontinuity,4,other,13,Forum,0.9266,2.9733,3.9
memory_discontinuity,4,other,14,ンフ,0.9248,-0.4921,0.4327
memory_discontinuity,4,other,15,λω,0.9176,1.4971,2.4147
memory_discontinuity,5,self,1,newcom,1.2518,1.7376,0.4858
memory_discontinuity,5,self,2,ينية,1.2129,0.9917,-0.2211
memory_discontinuity,5,self,3,��,1.2074,-2.2646,-3.4719
memory_discontinuity,5,self,4,汽,1.1649,1.9669,0.802
memory_discontinuity,5,self,5,(IntPtr,1.1354,2.1601,1.0247
memory_discontinuity,5,self,6,ینک,1.134,-0.697,-1.831
memory_discontinuity,5,self,7,アー,1.1248,-0.0817,-1.2065
memory_discontinuity,5,self,8,asad,1.1194,1.2329,0.1135
memory_discontinuity,5,self,9,.scalablytyped,1.0951,1.5783,0.4832
memory_discontinuity,5,self,10,خي,1.0948,2.2902,1.1954
memory_discontinuity,5,self,11,ima,1.081,1.3034,0.2224
memory_discontinuity,5,self,12,:variables,1.0754,2.3398,1.2645
memory_discontinuity,5,self,13,TEE,1.0699,-0.121,-1.1909
memory_discontinuity,5,self,14,ummies,1.0618,-2.4318,-3.4936
memory_discontinuity,5,self,15,ozí,1.0611,0.0817,-0.9793
memory_discontinuity,5,other,1,dent,0.9938,-3.4287,-2.4349
memory_discontinuity,5,other,2,iglia,0.9708,-3.6005,-2.6297
memory_discontinuity,5,other,3,ne,0.9254,0.1518,1.0772
memory_discontinuity,5,other,4,reg,0.9079,2.5682,3.4761
memory_discontinuity,5,other,5,p,0.9033,1.3557,2.259
memory_discontinuity,5,other,6,pair,0.8842,-3.1075,-2.2233
memory_discontinuity,5,other,7,597,0.8788,-0.8575,0.0213
memory_discontinuity,5,other,8,A,0.8646,-0.8271,0.0375
memory_discontinuity,5,other,9,b,0.8642,1.9808,2.845
memory_discontinuity,5,other,10,d,0.859,3.7211,4.5801
memory_discontinuity,5,other,11,��,0.8566,2.0271,2.8837
memory_discontinuity,5,other,12,ibble,0.8507,1.906,2.7566
memory_discontinuity,5,other,13,az,0.8495,-0.6879,0.1616
memory_discontinuity,5,other,14,al,0.847,0.8568,1.7038
memory_discontinuity,5,other,15,wre,0.8399,2.7568,3.5967
memory_discontinuity,6,self,1,ilities,1.8621,3.7353,1.8732
memory_discontinuity,6,self,2,TEE,1.6915,0.9049,-0.7866
memory_discontinuity,6,self,3,umo,1.6726,3.342,1.6693
memory_discontinuity,6,self,4,umi,1.628,3.1332,1.5052
memory_discontinuity,6,self,5,/Instruction,1.6254,1.123,-0.5023
memory_discontinuity,6,self,6,idency,1.5801,3.13,1.5499
memory_discontinuity,6,self,7,ewise,1.5561,-0.6187,-2.1748
memory_discontinuity,6,self,8,DSL,1.5541,0.1648,-1.3893
memory_discontinuity,6,self,9,odata,1.5334,-2.4458,-3.9792
memory_discontinuity,6,self,10,.documentation,1.5029,4.8379,3.335
memory_discontinuity,6,self,11,クロ,1.4537,3.4164,1.9628
memory_discontinuity,6,self,12,Disposable,1.4073,0.9915,-0.4157
memory_discontinuity,6,self,13,fgang,1.4035,1.8127,0.4092
memory_discontinuity,6,self,14,edii,1.4007,2.5618,1.1611
memory_discontinuity,6,self,15,iba,1.3904,-5.8233,-7.2137
memory_discontinuity,6,other,1,_pixels,1.3574,-1.1262,0.2312
memory_discontinuity,6,other,2,修,1.3112,-0.1272,1.184
memory_discontinuity,6,other,3,place,1.2419,1.0476,2.2894
memory_discontinuity,6,other,4,quad,1.2268,-2.337,-1.1102
memory_discontinuity,6,other,5,atar,1.2055,-0.0645,1.1409
memory_discontinuity,6,other,6,xanh,1.1927,1.749,2.9416
memory_discontinuity,6,other,7,rea,1.1778,1.0871,2.2649
memory_discontinuity,6,other,8,兹,1.1753,0.6147,1.79
memory_discontinuity,6,other,9,_pd,1.1723,-2.6522,-1.4798
memory_discontinuity,6,other,10,oon,1.1639,-2.2071,-1.0432
memory_discontinuity,6,other,11,McCorm,1.1614,-1.7807,-0.6193
memory_discontinuity,6,other,12,civilizations,1.148,-0.0387,1.1093
memory_discontinuity,6,other,13,éric,1.147,-1.9521,-0.8051
memory_discontinuity,6,other,14,thorough,1.1464,-0.442,0.7044
memory_discontinuity,6,other,15,Holden,1.1405,-1.1608,-0.0202
memory_discontinuity,7,self,1,نز,1.5589,-2.2813,-3.8402
memory_discontinuity,7,self,2,IVA,1.5385,1.0632,-0.4752
memory_discontinuity,7,self,3,orex,1.5296,-3.1907,-4.7203
memory_discontinuity,7,self,4,endors,1.5261,-0.8623,-2.3884
memory_discontinuity,7,self,5,emale,1.4695,2.3367,0.8673
memory_discontinuity,7,self,6,uta,1.4655,1.0813,-0.3842
memory_discontinuity,7,self,7,Lew,1.4448,0.756,-0.6888
memory_discontinuity,7,self,8,NF,1.4074,-1.1719,-2.5792
memory_discontinuity,7,self,9,"='"".",1.3889,-2.177,-3.5659
memory_discontinuity,7,self,10,าช,1.3863,0.5175,-0.8688
memory_discontinuity,7,self,11,ilos,1.3758,-0.6404,-2.0161
memory_discontinuity,7,self,12,.documentation,1.3742,4.8253,3.4511
memory_discontinuity,7,self,13,otte,1.373,-0.0251,-1.3981
memory_discontinuity,7,self,14,itag,1.369,-1.078,-2.447
memory_discontinuity,7,self,15,ps,1.3663,-0.0943,-1.4606
memory_discontinuity,7,other,1,kili,1.6092,0.2124,1.8215
memory_discontinuity,7,other,2,�,1.4744,-0.4026,1.0718
memory_discontinuity,7,other,3,Forums,1.4597,-0.5062,0.9536
memory_discontinuity,7,other,4,kry,1.4571,-3.4312,-1.9741
memory_discontinuity,7,other,5,timeofday,1.449,2.2187,3.6677
memory_discontinuity,7,other,6,.study,1.4457,-4.3029,-2.8572
memory_discontinuity,7,other,7,gettext,1.4341,0.5072,1.9413
memory_discontinuity,7,other,8,forums,1.424,1.7663,3.1903
memory_discontinuity,7,other,9,akit,1.3852,2.2406,3.6258
memory_discontinuity,7,other,10,_mail,1.3791,-0.8532,0.526
memory_discontinuity,7,other,11,angs,1.371,0.395,1.766
memory_discontinuity,7,other,12,寄,1.3378,2.8213,4.1591
memory_discontinuity,7,other,13,SND,1.3263,-0.2539,1.0724
memory_discontinuity,7,other,14,licos,1.2981,-0.2724,1.0257
memory_discontinuity,7,other,15,noon,1.278,-1.32,-0.042
memory_discontinuity,8,self,1,.documentation,1.6936,4.9056,3.212
memory_discontinuity,8,self,2,kee,1.6874,4.9559,3.2686
memory_discontinuity,8,self,3,aber,1.6634,3.1641,1.5007
memory_discontinuity,8,self,4,/Instruction,1.6226,-0.5992,-2.2218
memory_discontinuity,8,self,5,beros,1.6083,1.847,0.2387
memory_discontinuity,8,self,6,lég,1.5598,3.951,2.3912
memory_discontinuity,8,self,7,ovic,1.5078,3.5016,1.9938
memory_discontinuity,8,self,8,loo,1.4899,-1.2651,-2.7549
memory_discontinuity,8,self,9,autocomplete,1.4803,2.43,0.9497
memory_discontinuity,8,self,10,nick,1.467,0.2019,-1.2652
memory_discontinuity,8,self,11,Boy,1.4667,0.2248,-1.2419
memory_discontinuity,8,self,12,Dias,1.4514,0.4308,-1.0206
memory_discontinuity,8,self,13,cola,1.4405,1.2525,-0.188
memory_discontinuity,8,self,14,ô,1.4212,1.4547,0.0334
memory_discontinuity,8,self,15,edin,1.4138,0.643,-0.7709
memory_discontinuity,8,other,1,руч,1.897,-0.3056,1.5914
memory_discontinuity,8,other,2,/vue,1.6951,0.1766,1.8717
memory_discontinuity,8,other,3,emm,1.6654,2.1353,3.8007
memory_discontinuity,8,other,4,OPSIS,1.6539,-2.2232,-0.5693
memory_discontinuity,8,other,5,opsis,1.6456,-2.705,-1.0594
memory_discontinuity,8,other,6,neau,1.6086,-1.1191,0.4896
memory_discontinuity,8,other,7,帕,1.5815,0.6499,2.2313
memory_discontinuity,8,other,8,fod,1.5557,0.7551,2.3107
memory_discontinuity,8,other,9,�,1.5504,1.8823,3.4327
memory_discontinuity,8,other,10,.dtd,1.5433,0.086,1.6294
memory_discontinuity,8,other,11,スカ,1.5361,-1.6419,-0.1058
memory_discontinuity,8,other,12,야,1.5122,-0.992,0.5202
memory_discontinuity,8,other,13,함,1.4734,0.5507,2.0241
memory_discontinuity,8,other,14,دام,1.4566,0.3894,1.846
memory_discontinuity,8,other,15,noon,1.4417,-0.33,1.1116
non_uniqueness,1,self,1,yourselves,0.362,-0.4292,-0.7912
non_uniqueness,1,self,2,adium,0.3468,3.3399,2.9931
non_uniqueness,1,self,3,所,0.3231,3.5365,3.2134
non_uniqueness,1,self,4,ungan,0.3159,-0.7737,-1.0896
non_uniqueness,1,self,5,ерш,0.3126,-1.0691,-1.3817
non_uniqueness,1,self,6,istrovství,0.3074,1.0023,0.6949
non_uniqueness,1,self,7,jug,0.301,2.5791,2.2781
non_uniqueness,1,self,8,_dictionary,0.2995,-2.3427,-2.6422
non_uniqueness,1,self,9,lessly,0.2993,-3.8775,-4.1768
non_uniqueness,1,self,10,CTL,0.2955,0.1952,-0.1003
non_uniqueness,1,self,11,"""label",0.2934,0.9236,0.6302
non_uniqueness,1,self,12,Destructor,0.293,-1.0895,-1.3825
non_uniqueness,1,self,13,vlc,0.2914,3.0197,2.7283
non_uniqueness,1,self,14,Robot,0.2874,0.3407,0.0533
non_uniqueness,1,self,15,olen,0.284,1.4422,1.1582
non_uniqueness,1,other,1,ese,0.3382,-0.9176,-0.5793
non_uniqueness,1,other,2,AFE,0.3313,-1.304,-0.9727
non_uniqueness,1,other,3,�,0.3301,1.2416,1.5717
non_uniqueness,1,other,4,SU,0.3108,-2.3204,-2.0096
non_uniqueness,1,other,5,utas,0.3027,6.1992,6.5018
non_uniqueness,1,other,6,ptions,0.2966,1.9382,2.2348
non_uniqueness,1,other,7,�,0.2965,0.8782,1.1748
non_uniqueness,1,other,8,apl,0.2937,-2.1964,-1.9027
non_uniqueness,1,other,9,zeich,0.2908,1.5531,1.8439
non_uniqueness,1,other,10,Winston,0.2907,1.5463,1.837
non_uniqueness,1,other,11,nesc,0.2889,0.64,0.9288
non_uniqueness,1,other,12,oc,0.2834,-2.7436,-2.4602
non_uniqueness,1,other,13,STDERR,0.2815,-0.258,0.0234
non_uniqueness,1,other,14,utos,0.2803,-1.2025,-0.9222
non_uniqueness,1,other,15,sem,0.2797,-1.5847,-1.3049
non_uniqueness,2,self,1,urer,0.4287,1.3481,0.9193
non_uniqueness,2,self,2,�,0.4234,-3.2834,-3.7069
non_uniqueness,2,self,3,yourselves,0.4142,1.1009,0.6866
non_uniqueness,2,self,4,ouz,0.4097,0.2078,-0.2019
non_uniqueness,2,self,5,tres,0.3891,-1.8289,-2.218
non_uniqueness,2,self,6,pler,0.3838,-1.9995,-2.3833
non_uniqueness,2,self,7,atab,0.3824,3.45,3.0677
non_uniqueness,2,self,8,ncy,0.3775,4.4713,4.0938
non_uniqueness,2,self,9,/non,0.3774,-1.5687,-1.9461
non_uniqueness,2,self,10,askan,0.3709,-0.4236,-0.7944
non_uniqueness,2,self,11,merc,0.3698,2.1146,1.7447
non_uniqueness,2,self,12,ained,0.368,-2.6845,-3.0525
non_uniqueness,2,self,13,otten,0.3669,-1.4914,-1.8584
non_uniqueness,2,self,14,olver,0.3659,0.3377,-0.0282
non_uniqueness,2,self,15,Fizz,0.3593,4.7959,4.4366
non_uniqueness,2,other,1,-toast,0.507,2.0471,2.5541
non_uniqueness,2,other,2,isphere,0.4575,0.1301,0.5876
non_uniqueness,2,other,3,apl,0.4494,0.9501,1.3995
non_uniqueness,2,other,4,propName,0.4423,0.1957,0.638
non_uniqueness,2,other,5,HostName,0.425,4.9116,5.3365
non_uniqueness,2,other,6,stakes,0.4205,-0.4699,-0.0494
non_uniqueness,2,other,7,elop,0.4194,0.054,0.4734
non_uniqueness,2,other,8,jured,0.4104,-5.7521,-5.3417
non_uniqueness,2,other,9,acock,0.4013,0.7801,1.1814
non_uniqueness,2,other,10,�,0.397,-0.6825,-0.2855
non_uniqueness,2,other,11,.decorate,0.3947,-1.6374,-1.2427
non_uniqueness,2,other,12,hosts,0.3914,3.9811,4.3725
non_uniqueness,2,other,13,sworth,0.3912,-1.8772,-1.486
non_uniqueness,2,other,14,рь,0.3911,0.4913,0.8824
non_uniqueness,2,other,15,致,0.3911,4.1535,4.5446
non_uniqueness,3,self,1,659,0.537,1.469,0.9319
non_uniqueness,3,self,2,jez,0.5117,0.9324,0.4208
non_uniqueness,3,self,3,acie,0.489,-0.2185,-0.7075
non_uniqueness,3,self,4,_utc,0.4826,-0.8246,-1.3072
non_uniqueness,3,self,5,ency,0.4734,1.0415,0.5682
non_uniqueness,3,self,6,orer,0.4681,2.5315,2.0634
non_uniqueness,3,self,7,hand,0.4672,1.835,1.3678
non_uniqueness,3,self,8,aliz,0.4447,6.5384,6.0937
non_uniqueness,3,self,9,rc,0.443,-0.3957,-0.8387
non_uniqueness,3,self,10,736,0.4409,-0.2706,-0.7116
non_uniqueness,3,self,11,Clem,0.4406,2.3212,1.8806
non_uniqueness,3,self,12,273,0.4384,-2.1517,-2.5901
non_uniqueness,3,self,13,\Url,0.4358,0.6312,0.1954
non_uniqueness,3,self,14,hora,0.4337,0.4515,0.0179
non_uniqueness,3,self,15,630,0.4334,-2.8843,-3.3177
non_uniqueness,3,other,1,yro,0.6048,-3.4652,-2.8604
non_uniqueness,3,other,2,endon,0.5615,-0.6896,-0.1281
non_uniqueness,3,other,3,ynes,0.5419,-1.0143,-0.4723
non_uniqueness,3,other,4,aro,0.5367,-2.0351,-1.4984
non_uniqueness,3,other,5,UNCT,0.5236,-0.0847,0.4389
non_uniqueness,3,other,6,ευ,0.5087,1.2344,1.743
non_uniqueness,3,other,7,�,0.5013,-0.4655,0.0359
non_uniqueness,3,other,8,ög,0.4839,-3.2551,-2.7712
non_uniqueness,3,other,9,�,0.4783,1.8628,2.3411
non_uniqueness,3,other,10,endor,0.474,-1.5768,-1.1028
non_uniqueness,3,other,11,諸,0.4698,1.6188,2.0886
non_uniqueness,3,other,12,�,0.4696,-0.647,-0.1774
non_uniqueness,3,other,13,UGHT,0.4696,-2.5756,-2.106
non_uniqueness,3,other,14,mey,0.4637,2.1737,2.6374
non_uniqueness,3,other,15,ARA,0.4575,0.5458,1.0033
non_uniqueness,4,self,1,�,0.7965,-1.2139,-2.0105
non_uniqueness,4,self,2,リーズ,0.7468,-1.6385,-2.3852
non_uniqueness,4,self,3,cloak,0.7166,0.3255,-0.3911
non_uniqueness,4,self,4,amo,0.6829,-2.3134,-2.9963
non_uniqueness,4,self,5,vac,0.6725,0.3692,-0.3033
non_uniqueness,4,self,6,Wind,0.6508,2.182,1.5312
non_uniqueness,4,self,7,Falls,0.6495,-2.4941,-3.1436
non_uniqueness,4,self,8,anga,0.6494,-2.0318,-2.6812
non_uniqueness,4,self,9,erb,0.6491,2.7917,2.1426
non_uniqueness,4,self,10,winning,0.6358,1.2236,0.5879
non_uniqueness,4,self,11,falls,0.6178,-2.0021,-2.6199
non_uniqueness,4,self,12,blend,0.6029,0.8614,0.2585
non_uniqueness,4,self,13,Gaul,0.602,3.3812,2.7792
non_uniqueness,4,self,14,eer,0.6015,-0.3519,-0.9534
non_uniqueness,4,self,15,Wins,0.6005,0.3616,-0.2389
non_uniqueness,4,other,1,kud,0.9143,2.7827,3.697
non_uniqueness,4,other,2,THROW,0.8371,1.8421,2.6791
non_uniqueness,4,other,3,loff,0.8196,0.4081,1.2277
non_uniqueness,4,other,4,崎,0.8141,-2.2378,-1.4237
non_uniqueness,4,other,5,áj,0.7649,-3.0865,-2.3216
non_uniqueness,4,other,6,ố,0.7621,0.1565,0.9186
non_uniqueness,4,other,7,chein,0.7415,1.0265,1.7679
non_uniqueness,4,other,8,issued,0.7338,-0.171,0.5628
non_uniqueness,4,other,9,_Common,0.7158,2.2217,2.9375
non_uniqueness,4,other,10,lush,0.714,1.2231,1.9372
non_uniqueness,4,other,11,spyOn,0.7129,0.1624,0.8753
non_uniqueness,4,other,12,iddy,0.7128,-0.5099,0.2029
non_uniqueness,4,other,13,_THROW,0.7127,-1.405,-0.6923
non_uniqueness,4,other,14,ascar,0.7064,0.6453,1.3517
non_uniqueness,4,other,15,airie,0.7037,-1.7735,-1.0698
non_uniqueness,5,self,1,�,0.9615,-2.9463,-3.9078
non_uniqueness,5,self,2,ssc,0.9165,2.9402,2.0237
non_uniqueness,5,self,3,アー,0.9145,0.0596,-0.8549
non_uniqueness,5,self,4,Burn,0.9118,-2.5492,-3.461
non_uniqueness,5,self,5,Burn,0.8934,-1.4818,-2.3752
non_uniqueness,5,self,6,strap,0.8312,0.8402,0.009
non_uniqueness,5,self,7,__$,0.8225,2.8361,2.0136
non_uniqueness,5,self,8,abin,0.8048,-1.1435,-1.9483
non_uniqueness,5,self,9,ยง,0.7989,-1.7276,-2.5265
non_uniqueness,5,self,10,์เซ,0.7979,-2.6541,-3.452
non_uniqueness,5,self,11,-feedback,0.7944,0.7904,-0.004
non_uniqueness,5,self,12,ينية,0.7941,0.8703,0.0762
non_uniqueness,5,self,13,uby,0.7934,-0.8946,-1.6879
non_uniqueness,5,self,14,(IntPtr,0.788,2.1442,1.3562
non_uniqueness,5,self,15,ActionCode,0.7864,1.3647,0.5782
non_uniqueness,5,other,1,Howell,0.8024,1.7911,2.5935
non_uniqueness,5,other,2,nackte,0.784,-0.4299,0.3541
non_uniqueness,5,other,3,iglia,0.7557,-2.8613,-2.1055
non_uniqueness,5,other,4,iov,0.7501,-3.3066,-2.5565
non_uniqueness,5,other,5,Electronics,0.7372,0.5587,1.2959
non_uniqueness,5,other,6,CONN,0.7181,-0.6457,0.0724
non_uniqueness,5,other,7,ち,0.711,-0.694,0.017
non_uniqueness,5,other,8,_CASE,0.7024,-3.3026,-2.6002
non_uniqueness,5,other,9,axon,0.7019,0.8286,1.5306
non_uniqueness,5,other,10,o,0.6895,0.2145,0.904
non_uniqueness,5,other,11,dent,0.6804,-1.0621,-0.3817
non_uniqueness,5,other,12,Wake,0.6751,-1.452,-0.7769
non_uniqueness,5,other,13,judges,0.6743,-3.0285,-2.3542
non_uniqueness,5,other,14,Quart,0.6714,1.6421,2.3136
non_uniqueness,5,other,15,oze,0.6705,1.8454,2.5159
non_uniqueness,6,self,1,idle,1.1642,5.963,4.7987
non_uniqueness,6,self,2,voks,1.1288,2.251,1.1222
non_uniqueness,6,self,3,idency,1.1202,2.588,1.4678
non_uniqueness,6,self,4,bourne,1.0909,0.2952,-0.7956
non_uniqueness,6,self,5,izon,1.0785,1.7426,0.6641
non_uniqueness,6,self,6,amation,1.0573,-0.7947,-1.852
non_uniqueness,6,self,7,.documentation,1.0537,4.5619,3.5082
non_uniqueness,6,self,8,essen,1.0533,3.3158,2.2626
non_uniqueness,6,self,9,ascimento,1.0529,1.5617,0.5088
non_uniqueness,6,self,10,izo,1.0481,0.1484,-0.8998
non_uniqueness,6,self,11,psc,1.0375,-2.3833,-3.4208
non_uniqueness,6,self,12,Timeout,1.0279,0.1515,-0.8764
non_uniqueness,6,self,13,ajo,1.0249,-1.7224,-2.7473
non_uniqueness,6,self,14,評価,1.0155,1.6049,0.5894
non_uniqueness,6,self,15,Вона,1.0113,2.5049,1.4936
non_uniqueness,6,other,1,�,1.0963,3.1077,4.204
non_uniqueness,6,other,2,ull,1.0076,-2.0891,-1.0816
non_uniqueness,6,other,3,ウン,0.9999,1.478,2.4779
non_uniqueness,6,other,4,лей,0.9992,-2.8132,-1.814
non_uniqueness,6,other,5,hardt,0.9991,0.0971,1.0962
non_uniqueness,6,other,6,Lund,0.9704,-0.5775,0.3928
non_uniqueness,6,other,7,龄,0.9573,2.4715,3.4288
non_uniqueness,6,other,8,атку,0.9496,1.0659,2.0155
non_uniqueness,6,other,9,uestos,0.9369,-2.5167,-1.5797
non_uniqueness,6,other,10,763,0.9363,-1.3172,-0.381
non_uniqueness,6,other,11,wick,0.9355,0.4357,1.3712
non_uniqueness,6,other,12,lug,0.9335,-1.707,-0.7736
non_uniqueness,6,other,13,MetroFramework,0.9288,-3.2137,-2.2848
non_uniqueness,6,other,14,strup,0.9243,2.729,3.6533
non_uniqueness,6,other,15,uran,0.9124,-2.1516,-1.2392
non_uniqueness,7,self,1,Pink,1.0993,0.9425,-0.1568
non_uniqueness,7,self,2,ilos,1.0651,-0.7867,-1.8519
non_uniqueness,7,self,3,Pink,1.0649,1.1333,0.0684
non_uniqueness,7,self,4,sex,1.0518,-0.0931,-1.1449
non_uniqueness,7,self,5,throp,1.0219,0.3839,-0.638
non_uniqueness,7,self,6,�,0.9849,2.6079,1.623
non_uniqueness,7,self,7,idle,0.9662,1.8448,0.8785
non_uniqueness,7,self,8,ibu,0.9631,-0.0225,-0.9856
non_uniqueness,7,self,9,าช,0.9614,0.175,-0.7864
non_uniqueness,7,self,10,uppe,0.959,4.8621,3.9031
non_uniqueness,7,self,11,Brick,0.9561,2.0562,1.1001
non_uniqueness,7,self,12,aliz,0.9555,5.738,4.7825
non_uniqueness,7,self,13,iesel,0.9548,1.9727,1.0179
non_uniqueness,7,self,14,زار,0.9516,3.3648,2.4132
non_uniqueness,7,self,15,UGE,0.9377,1.2262,0.2886
non_uniqueness,7,other,1,ogg,1.2109,-0.3196,0.8912
non_uniqueness,7,other,2,orelease,1.1305,2.8444,3.975
non_uniqueness,7,other,3,ameda,1.1104,0.9609,2.0712
non_uniqueness,7,other,4,_PROP,1.0834,1.8825,2.9659
non_uniqueness,7,other,5,doma,1.0804,-1.1413,-0.0609
non_uniqueness,7,other,6,adt,1.0589,0.6815,1.7404
non_uniqueness,7,other,7,enido,1.0565,-1.6865,-0.63
non_uniqueness,7,other,8,emarks,1.054,-2.6469,-1.593
non_uniqueness,7,other,9,angs,1.043,0.9755,2.0185
non_uniqueness,7,other,10,antlr,1.0393,1.4527,2.492
non_uniqueness,7,other,11,cairo,1.0169,0.2369,1.2538
non_uniqueness,7,other,12,SND,1.0155,0.2576,1.2731
non_uniqueness,7,other,13,.study,1.0091,-3.9112,-2.9021
non_uniqueness,7,other,14,lẫn,1.003,0.9552,1.9583
non_uniqueness,7,other,15,良,0.9903,0.7668,1.7571
non_uniqueness,8,self,1,prov,1.0838,2.2091,1.1253
non_uniqueness,8,self,2,voks,1.0426,2.3514,1.3088
non_uniqueness,8,self,3,Dud,1.0371,-0.0244,-1.0616
non_uniqueness,8,self,4,inand,1.028,2.9389,1.9109
non_uniqueness,8,self,5,aber,1.0275,3.3148,2.2873
non_uniqueness,8,self,6,.experimental,1.02,-0.2267,-1.2467
non_uniqueness,8,self,7,уже,1.0171,-1.0424,-2.0596
non_uniqueness,8,self,8,boy,1.0134,-0.2482,-1.2617
non_uniqueness,8,self,9,achs,1.0096,1.6407,0.6311
non_uniqueness,8,self,10,cession,0.9991,1.556,0.5569
non_uniqueness,8,self,11,AppModule,0.9977,1.8522,0.8545
non_uniqueness,8,self,12,.xx,0.9939,-2.9427,-3.9365
non_uniqueness,8,self,13,oji,0.9927,0.5537,-0.439
non_uniqueness,8,self,14,.persistent,0.9918,1.4054,0.4135
non_uniqueness,8,self,15,-boy,0.9898,-0.1957,-1.1855
non_uniqueness,8,other,1,opsis,1.4127,-2.5744,-1.1617
non_uniqueness,8,other,2,emm,1.3251,2.3248,3.6499
non_uniqueness,8,other,3,INTR,1.2717,2.2986,3.5703
non_uniqueness,8,other,4,吹,1.2356,-4.0055,-2.7699
non_uniqueness,8,other,5,�,1.1941,2.4837,3.6778
non_uniqueness,8,other,6,spiel,1.1741,1.1706,2.3447
non_uniqueness,8,other,7,htub,1.1654,5.4132,6.5786
non_uniqueness,8,other,8,strup,1.1635,0.6944,1.8579
non_uniqueness,8,other,9,ebek,1.1607,4.8552,6.016
non_uniqueness,8,other,10,руч,1.1526,-0.0215,1.1312
non_uniqueness,8,other,11,ะแ,1.1457,0.6357,1.7814
non_uniqueness,8,other,12,venture,1.1438,-1.0065,0.1373
non_uniqueness,8,other,13,帕,1.1382,0.7449,1.8832
non_uniqueness,8,other,14,trinsic,1.1362,2.5706,3.7067
non_uniqueness,8,other,15,اون,1.1284,-2.1987,-1.0703
replacement,1,self,1,ungan,0.829,-1.0165,-1.8455
replacement,1,self,2,CTSTR,0.8232,-2.7582,-3.5815
replacement,1,self,3,_FT,0.8173,2.6217,1.8044
replacement,1,self,4,TPL,0.7965,6.0138,5.2174
replacement,1,self,5,isten,0.7643,-3.135,-3.8993
replacement,1,self,6,Hayden,0.7554,-0.4885,-1.244
replacement,1,self,7,ستانی,0.7481,1.9975,1.2494
replacement,1,self,8,FTP,0.7401,-0.4139,-1.154
replacement,1,self,9,orest,0.7362,4.2432,3.507
replacement,1,self,10,istrovství,0.7321,0.9587,0.2266
replacement,1,self,11,머,0.7305,-0.5347,-1.2653
replacement,1,self,12,üc,0.724,2.5922,1.8682
replacement,1,self,13,Erot,0.7185,5.1594,4.4409
replacement,1,self,14,Discipline,0.7162,-0.4585,-1.1747
replacement,1,self,15,ayed,0.7093,-2.5889,-3.2981
replacement,1,other,1,tử,0.8464,-0.9717,-0.1253
replacement,1,other,2,oola,0.8069,-1.5211,-0.7142
replacement,1,other,3,sunk,0.8018,-1.2585,-0.4567
replacement,1,other,4,Flo,0.7629,-1.9748,-1.2119
replacement,1,other,5,sink,0.7344,-2.5141,-1.7797
replacement,1,other,6,佐,0.7326,-6.4553,-5.7227
replacement,1,other,7,ioneer,0.7087,-1.5942,-0.8856
replacement,1,other,8,cedure,0.708,-0.557,0.151
replacement,1,other,9,�,0.7071,1.3455,2.0526
replacement,1,other,10,-urlencoded,0.7036,-0.4247,0.2789
replacement,1,other,11,nesc,0.6958,0.8103,1.5061
replacement,1,other,12,angl,0.6955,0.2958,0.9913
replacement,1,other,13,TimeStamp,0.6909,1.1417,1.8326
replacement,1,other,14,geb,0.6873,-4.5679,-3.8807
replacement,1,other,15,�,0.6863,-2.8636,-2.1773
replacement,2,self,1,ULLET,0.9618,3.186,2.2242
replacement,2,self,2,レス,0.8608,-0.3447,-1.2055
replacement,2,self,3,ullet,0.8577,-1.4004,-2.2581
replacement,2,self,4,edia,0.8532,-0.9925,-1.8457
replacement,2,self,5,��,0.8479,0.1358,-0.7122
replacement,2,self,6,ôt,0.8417,2.7094,1.8677
replacement,2,self,7,chnitt,0.8162,2.5515,1.7353
replacement,2,self,8,duck,0.7964,2.006,1.2096
replacement,2,self,9,otten,0.7956,-1.6256,-2.4212
replacement,2,self,10,yles,0.7901,2.7198,1.9296
replacement,2,self,11,ken,0.7891,2.0094,1.2203
replacement,2,self,12,FolderPath,0.788,-0.9148,-1.7028
replacement,2,self,13,udit,0.7868,1.8272,1.0404
replacement,2,self,14,zers,0.7854,-5.0158,-5.8012
replacement,2,self,15,�,0.7833,-2.2375,-3.0209
replacement,2,other,1,-toast,0.787,2.0947,2.8816
replacement,2,other,2,upro,0.7778,1.4945,2.2722
replacement,2,other,3,ego,0.7727,-2.792,-2.0193
replacement,2,other,4,inja,0.7702,2.1717,2.942
replacement,2,other,5,余,0.7583,1.4676,2.2259
replacement,2,other,6,�,0.7565,0.1997,0.9561
replacement,2,other,7,osite,0.7294,-0.7051,0.0244
replacement,2,other,8,ether,0.7256,2.0391,2.7647
replacement,2,other,9,conj,0.7129,-1.0575,-0.3447
replacement,2,other,10,quo,0.708,-3.3207,-2.6127
replacement,2,other,11,leaking,0.6991,-0.8856,-0.1865
replacement,2,other,12,ioneer,0.6945,1.727,2.4215
replacement,2,other,13,ят,0.6945,-2.9531,-2.2587
replacement,2,other,14,ocz,0.6895,0.8119,1.5014
replacement,2,other,15,Raphael,0.6872,-0.4177,0.2695
replacement,3,self,1,.scalablytyped,0.9622,1.7525,0.7903
replacement,3,self,2,še,0.8669,4.6356,3.7687
replacement,3,self,3,hora,0.8312,0.5047,-0.3265
replacement,3,self,4,ascus,0.8306,-0.4037,-1.2343
replacement,3,self,5,хи,0.8223,1.7495,0.9272
replacement,3,self,6,onis,0.8199,1.888,1.0681
replacement,3,self,7,imedia,0.816,-0.8916,-1.7076
replacement,3,self,8,jez,0.8006,0.7614,-0.0392
replacement,3,self,9,��,0.7924,-3.3612,-4.1536
replacement,3,self,10,Marshall,0.7901,0.988,0.1978
replacement,3,self,11,ogui,0.7704,4.6188,3.8484
replacement,3,self,12,Erot,0.7671,1.598,0.8309
replacement,3,self,13,lector,0.7614,3.9378,3.1764
replacement,3,self,14,stringWith,0.7613,1.1949,0.4337
replacement,3,self,15,hits,0.7583,-0.5497,-1.308
replacement,3,other,1,�,0.7969,-3.2487,-2.4518
replacement,3,other,2,ac,0.7197,-3.1975,-2.4778
replacement,3,other,3,�,0.7047,-0.2114,0.4933
replacement,3,other,4,Progress,0.6897,-1.6011,-0.9114
replacement,3,other,5,ardless,0.6694,-1.0373,-0.3679
replacement,3,other,6,ifa,0.6694,-0.6441,0.0252
replacement,3,other,7,�,0.6435,-1.0874,-0.4438
replacement,3,other,8,ION,0.639,1.2242,1.8632
replacement,3,other,9,trận,0.6362,2.4776,3.1138
replacement,3,other,10,proceeding,0.6359,-2.3448,-1.7089
replacement,3,other,11,conj,0.6354,1.3721,2.0075
replacement,3,other,12,逸,0.6346,-0.5807,0.0539
replacement,3,other,13,_MUT,0.634,-0.0424,0.5916
replacement,3,other,14,conj,0.6293,-0.6509,-0.0217
replacement,3,other,15,_progress,0.6161,-1.2548,-0.6387
replacement,4,self,1,amburger,1.1868,-0.9877,-2.1745
replacement,4,self,2,rál,0.9939,4.2471,3.2531
replacement,4,self,3,emark,0.9675,-0.2929,-1.2603
replacement,4,self,4,duly,0.9607,3.4971,2.5365
replacement,4,self,5,ein,0.9547,1.8492,0.8945
replacement,4,self,6,atab,0.953,-0.1562,-1.1092
replacement,4,self,7,abinet,0.9181,2.8611,1.9431
replacement,4,self,8,OnCollision,0.8991,4.4726,3.5735
replacement,4,self,9,pand,0.886,5.2725,4.3865
replacement,4,self,10,allis,0.8812,-0.4713,-1.3525
replacement,4,self,11,тик,0.8762,3.9186,3.0424
replacement,4,self,12,tab,0.8656,-0.7171,-1.5827
replacement,4,self,13,elez,0.8621,-1.8263,-2.6883
replacement,4,self,14,Alban,0.8571,-0.1169,-0.974
replacement,4,self,15,oland,0.8556,3.3136,2.458
replacement,4,other,1,Federal,1.1055,-1.6828,-0.5773
replacement,4,other,2,ố,1.0951,0.1735,1.2687
replacement,4,other,3,Federal,1.0529,-2.2889,-1.236
replacement,4,other,4,federal,0.9895,-1.836,-0.8464
replacement,4,other,5,克斯,0.9536,3.1623,4.1159
replacement,4,other,6,Rubin,0.945,-1.7515,-0.8065
replacement,4,other,7,-boot,0.9195,1.1551,2.0746
replacement,4,other,8,ажд,0.9142,-0.816,0.0981
replacement,4,other,9,Congressman,0.9088,0.4283,1.3371
replacement,4,other,10,dis,0.9023,-2.6659,-1.7636
replacement,4,other,11,.await,0.8916,0.7821,1.6737
replacement,4,other,12,百度,0.8856,2.026,2.9116
replacement,4,other,13,congressman,0.8852,1.917,2.8022
replacement,4,other,14,ु�,0.8793,2.3431,3.2224
replacement,4,other,15,swer,0.8792,4.2565,5.1357
replacement,5,self,1,erties,1.3125,-1.8145,-3.127
replacement,5,self,2,アー,1.2381,-0.1996,-1.4377
replacement,5,self,3,olls,1.1708,3.9858,2.8149
replacement,5,self,4,imetype,1.1575,1.4217,0.2643
replacement,5,self,5,IRR,1.1432,1.4005,0.2573
replacement,5,self,6,ينية,1.1404,0.5514,-0.589
replacement,5,self,7,�,1.1353,1.2975,0.1622
replacement,5,self,8,اوت,1.1351,0.7619,-0.3732
replacement,5,self,9,łe,1.1208,0.1964,-0.9244
replacement,5,self,10,(IntPtr,1.1051,1.8704,0.7653
replacement,5,self,11,ingo,1.1045,-1.6065,-2.7111
replacement,5,self,12,ennes,1.0867,1.4817,0.395
replacement,5,self,13,abus,1.0804,-2.5037,-3.5841
replacement,5,self,14,ła,1.08,0.4766,-0.6034
replacement,5,self,15,newcom,1.0783,1.2283,0.15
replacement,5,other,1,conj,1.0384,0.1027,1.1412
replacement,5,other,2,Crab,1.0301,-0.0981,0.9321
replacement,5,other,3,uat,1.0233,0.6969,1.7201
replacement,5,other,4,uly,0.9843,-2.1372,-1.1529
replacement,5,other,5,yellow,0.9624,1.755,2.7174
replacement,5,other,6,Designs,0.9547,1.1837,2.1384
replacement,5,other,7,rad,0.9422,-7.1093,-6.1671
replacement,5,other,8,597,0.9336,-0.6214,0.3122
replacement,5,other,9,Editorial,0.931,-1.7403,-0.8093
replacement,5,other,10,Typed,0.9228,1.4978,2.4207
replacement,5,other,11,esser,0.9221,3.0642,3.9864
replacement,5,other,12,Lar,0.9161,-0.833,0.083
replacement,5,other,13,Conj,0.9134,0.9934,1.9068
replacement,5,other,14,Willis,0.9044,1.5236,2.428
replacement,5,other,15,aug,0.8999,0.3466,1.2465
replacement,6,self,1,uset,1.3746,0.5191,-0.8555
replacement,6,self,2,awai,1.3435,2.523,1.1795
replacement,6,self,3,enaire,1.3363,2.6649,1.3286
replacement,6,self,4,ilities,1.3348,3.2004,1.8656
replacement,6,self,5,luet,1.3338,5.9851,4.6514
replacement,6,self,6,zioni,1.3232,4.3297,3.0066
replacement,6,self,7,ensex,1.3192,-0.904,-2.2232
replacement,6,self,8,fait,1.3121,3.6474,2.3353
replacement,6,self,9,emale,1.2886,2.949,1.6605
replacement,6,self,10,idency,1.2785,2.6226,1.3441
replacement,6,self,11,edi,1.274,-0.733,-2.0069
replacement,6,self,12,enis,1.2722,1.8059,0.5337
replacement,6,self,13,anske,1.2561,1.4854,0.2293
replacement,6,self,14,わせ,1.2553,0.908,-0.3474
replacement,6,self,15,yyn,1.2553,1.3893,0.134
replacement,6,other,1,oon,1.2865,-2.1112,-0.8247
replacement,6,other,2,atar,1.2062,0.2076,1.4138
replacement,6,other,3,Nag,1.0948,-1.2308,-0.136
replacement,6,other,4,conj,1.0828,-1.1035,-0.0207
replacement,6,other,5,lev,1.0742,-2.3686,-1.2944
replacement,6,other,6,ulle,1.071,3.4595,4.5304
replacement,6,other,7,�,1.0552,-0.1855,0.8697
replacement,6,other,8,italic,1.0485,1.5992,2.6477
replacement,6,other,9,place,1.0408,1.5122,2.553
replacement,6,other,10,mesa,1.0391,-1.371,-0.3319
replacement,6,other,11,mar,1.0371,0.2978,1.3349
replacement,6,other,12,esser,1.0309,2.7363,3.7672
replacement,6,other,13,sted,1.0309,-2.3181,-1.2873
replacement,6,other,14,rede,1.0172,2.3937,3.4109
replacement,6,other,15,oit,1.0137,-0.6892,0.3245
replacement,7,self,1,itag,1.5019,-0.845,-2.347
replacement,7,self,2,نسان,1.3855,1.1279,-0.2576
replacement,7,self,3,throp,1.3566,0.4471,-0.9095
replacement,7,self,4,ilos,1.2979,-0.9958,-2.2936
replacement,7,self,5,IVA,1.2452,0.718,-0.5273
replacement,7,self,6,iddi,1.2447,5.046,3.8013
replacement,7,self,7,Čer,1.2343,0.6454,-0.5889
replacement,7,self,8,aben,1.2305,2.9139,1.6834
replacement,7,self,9,/Instruction,1.2045,-0.2315,-1.436
replacement,7,self,10,reater,1.2036,2.4907,1.2871
replacement,7,self,11,isible,1.1728,0.2863,-0.8866
replacement,7,self,12,roud,1.1342,-0.3773,-1.5115
replacement,7,self,13,gressor,1.1228,-0.3806,-1.5034
replacement,7,self,14,arrival,1.122,0.6477,-0.4743
replacement,7,self,15,Zip,1.1189,1.4142,0.2953
replacement,7,other,1,kili,1.219,1.1196,2.3386
replacement,7,other,2,ैद,1.1688,-0.4672,0.7016
replacement,7,other,3,ingu,1.1665,1.5535,2.72
replacement,7,other,4,aldo,1.1653,2.0678,3.233
replacement,7,other,5,licos,1.1338,0.0018,1.1356
replacement,7,other,6,trực,1.0916,0.0052,1.0968
replacement,7,other,7,jes,1.0882,-3.6712,-2.5829
replacement,7,other,8,�이,1.0824,-1.3362,-0.2538
replacement,7,other,9,trial,1.0615,-0.5465,0.515
replacement,7,other,10,lẫn,1.0591,1.0656,2.1247
replacement,7,other,11,Rag,1.0578,-5.2927,-4.2349
replacement,7,other,12,orgot,1.0574,-1.4096,-0.3523
replacement,7,other,13,Balt,1.0573,2.1022,3.1596
replacement,7,other,14,noon,1.0573,-0.6942,0.3631
replacement,7,other,15,Trial,1.0561,-0.5874,0.4687
replacement,8,self,1,kee,1.4033,4.132,2.7288
replacement,8,self,2,adam,1.3438,-0.8375,-2.1813
replacement,8,self,3,.documentation,1.3014,4.2834,2.9819
replacement,8,self,4,Rate,1.2363,1.3286,0.0923
replacement,8,self,5,.drawable,1.2139,1.4962,0.2824
replacement,8,self,6,�,1.2119,1.631,0.4191
replacement,8,self,7,вою,1.2051,1.573,0.368
replacement,8,self,8,oji,1.2041,0.4152,-0.7888
replacement,8,self,9,ocode,1.2006,1.466,0.2654
replacement,8,self,10,autocomplete,1.1887,1.7731,0.5843
replacement,8,self,11,ux,1.1808,1.5058,0.325
replacement,8,self,12,уже,1.1639,-1.3873,-2.5512
replacement,8,self,13,評価,1.1607,-0.3303,-1.491
replacement,8,self,14,gor,1.1599,2.0641,0.9042
replacement,8,self,15,itag,1.1474,0.9843,-0.1632
replacement,8,other,1,neau,1.4032,-0.9552,0.448
replacement,8,other,2,opsis,1.3657,-2.3528,-0.9871
replacement,8,other,3,ral,1.2905,-3.9202,-2.6297
replacement,8,other,4,над,1.2656,-1.9639,-0.6983
replacement,8,other,5,neh,1.2496,-3.2791,-2.0295
replacement,8,other,6,ods,1.2416,-3.4531,-2.2115
replacement,8,other,7,emm,1.2388,2.351,3.5897
replacement,8,other,8,taire,1.2036,-0.0539,1.1496
replacement,8,other,9,OPSIS,1.2033,-1.7078,-0.5046
replacement,8,other,10,руч,1.1993,0.3958,1.5951
replacement,8,other,11,/vue,1.1938,0.6397,1.8334
replacement,8,other,12,وتی,1.1936,1.319,2.5126
replacement,8,other,13,ainen,1.1761,-0.5482,0.6279
replacement,8,other,14,otive,1.1668,0.9623,2.1291
replacement,8,other,15,بول,1.1625,0.8821,2.0446
identity_rewrite,1,self,1,erville,0.6594,-2.7712,-3.4307
identity_rewrite,1,self,2,olas,0.6243,-3.0162,-3.6405
identity_rewrite,1,self,3,otten,0.6207,1.0508,0.4301
identity_rewrite,1,self,4,kie,0.61,-1.5288,-2.1388
identity_rewrite,1,self,5,áy,0.5807,0.877,0.2963
identity_rewrite,1,self,6,""">//",0.5776,5.5658,4.9882
identity_rewrite,1,self,7,otty,0.5757,0.4331,-0.1426
identity_rewrite,1,self,8,DataURL,0.5625,0.7598,0.1973
identity_rewrite,1,self,9,폰,0.5608,-2.9468,-3.5076
identity_rewrite,1,self,10,Erotik,0.5541,1.6286,1.0745
identity_rewrite,1,self,11,ız,0.5504,-0.7058,-1.2562
identity_rewrite,1,self,12,isten,0.5493,-3.2803,-3.8297
identity_rewrite,1,self,13,ัจ,0.5451,1.2481,0.7029
identity_rewrite,1,self,14,ieu,0.5428,-0.9183,-1.4611
identity_rewrite,1,self,15,RAIN,0.5375,-0.4023,-0.9397
identity_rewrite,1,other,1,606,0.577,-2.4272,-1.8502
identity_rewrite,1,other,2,aptor,0.5566,-2.2713,-1.7147
identity_rewrite,1,other,3,ehler,0.5501,-1.733,-1.1829
identity_rewrite,1,other,4,sunk,0.5428,-1.1492,-0.6063
identity_rewrite,1,other,5,opr,0.5145,-0.0713,0.4432
identity_rewrite,1,other,6,iami,0.5117,-1.2211,-0.7095
identity_rewrite,1,other,7,εχ,0.5105,0.3087,0.8192
identity_rewrite,1,other,8,ANE,0.505,-0.9601,-0.4551
identity_rewrite,1,other,9,icz,0.504,0.6497,1.1537
identity_rewrite,1,other,10,oola,0.5033,-1.2679,-0.7646
identity_rewrite,1,other,11,ane,0.4989,-3.0186,-2.5196
identity_rewrite,1,other,12,compound,0.4958,2.6779,3.1738
identity_rewrite,1,other,13,designs,0.4941,-2.0322,-1.5382
identity_rewrite,1,other,14,Excell,0.4904,1.8814,2.3719
identity_rewrite,1,other,15,'я,0.4873,-0.3049,0.1824
identity_rewrite,2,self,1,slippery,0.7035,3.758,3.0545
identity_rewrite,2,self,2,Erotik,0.6508,2.4567,1.8059
identity_rewrite,2,self,3,irket,0.6123,-2.54,-3.1523
identity_rewrite,2,self,4,ULLET,0.6122,3.04,2.4278
identity_rewrite,2,self,5,Fizz,0.5916,4.5881,3.9965
identity_rewrite,2,self,6,GAL,0.5913,0.9555,0.3642
identity_rewrite,2,self,7,mach,0.59,2.6075,2.0175
identity_rewrite,2,self,8,olley,0.5892,-3.1594,-3.7486
identity_rewrite,2,self,9,Erotic,0.5748,2.1605,1.5857
identity_rewrite,2,self,10,��,0.5728,0.0689,-0.5039
identity_rewrite,2,self,11,""">//",0.5707,5.5833,5.0126
identity_rewrite,2,self,12,径,0.5673,-0.8551,-1.4224
identity_rewrite,2,self,13,속,0.5638,-1.7605,-2.3244
identity_rewrite,2,self,14,저,0.5617,3.8637,3.302
identity_rewrite,2,self,15,iley,0.5601,-0.7105,-1.2705
identity_rewrite,2,other,1,lements,0.7411,1.4616,2.2027
identity_rewrite,2,other,2,engan,0.6804,2.0749,2.7554
identity_rewrite,2,other,3,Guth,0.6531,-2.8769,-2.2239
identity_rewrite,2,other,4,Wat,0.6264,-2.8922,-2.2658
identity_rewrite,2,other,5,pronounced,0.6249,3.7156,4.3405
identity_rewrite,2,other,6,engl,0.6093,2.2471,2.8564
identity_rewrite,2,other,7,Ler,0.6006,1.6003,2.2008
identity_rewrite,2,other,8,шев,0.5999,-0.4346,0.1653
identity_rewrite,2,other,9,opr,0.5788,-0.248,0.3308
identity_rewrite,2,other,10,Https,0.5775,1.1165,1.6939
identity_rewrite,2,other,11,exus,0.5751,1.3589,1.934
identity_rewrite,2,other,12,apl,0.5624,-1.6161,-1.0538
identity_rewrite,2,other,13,ISP,0.562,-3.9264,-3.3644
identity_rewrite,2,other,14,Raphael,0.5608,-0.1547,0.4061
identity_rewrite,2,other,15,apl,0.5575,1.1027,1.6602
identity_rewrite,3,self,1,eniable,0.6635,-3.7469,-4.4104
identity_rewrite,3,self,2,insky,0.6298,-3.704,-4.3337
identity_rewrite,3,self,3,ortal,0.6131,-1.8796,-2.4927
identity_rewrite,3,self,4,edir,0.6099,7.9593,7.3494
identity_rewrite,3,self,5,onis,0.6052,1.5744,0.9691
identity_rewrite,3,self,6,askan,0.6,-0.3697,-0.9696
identity_rewrite,3,self,7,ativ,0.5934,-0.576,-1.1694
identity_rewrite,3,self,8,ycz,0.5876,4.0442,3.4566
identity_rewrite,3,self,9,uden,0.5835,0.7496,0.1661
identity_rewrite,3,self,10,อากาศ,0.5759,-0.9844,-1.5602
identity_rewrite,3,self,11,osten,0.5731,-0.427,-1.0001
identity_rewrite,3,self,12,äch,0.5707,0.433,-0.1377
identity_rewrite,3,self,13,lector,0.5696,4.0734,3.5038
identity_rewrite,3,self,14,ús,0.5515,0.1406,-0.4109
identity_rewrite,3,self,15,ogl,0.5433,-2.6947,-3.238
identity_rewrite,3,other,1,itures,0.6253,-0.473,0.1522
identity_rewrite,3,other,2,uncture,0.6101,0.8777,1.4878
identity_rewrite,3,other,3,аж,0.5924,2.5478,3.1403
identity_rewrite,3,other,4,Progress,0.5845,-1.7534,-1.1688
identity_rewrite,3,other,5,bakan,0.5727,1.8635,2.4362
identity_rewrite,3,other,6,进,0.5689,0.9221,1.491
identity_rewrite,3,other,7,.ProgressBar,0.5583,0.2676,0.8259
identity_rewrite,3,other,8,ium,0.5497,1.111,1.6607
identity_rewrite,3,other,9,auga,0.5495,-0.3653,0.1842
identity_rewrite,3,other,10,muted,0.5493,1.0708,1.6201
identity_rewrite,3,other,11,odate,0.5456,0.128,0.6735
identity_rewrite,3,other,12,heit,0.5444,2.0268,2.5712
identity_rewrite,3,other,13,Designs,0.5444,-2.1934,-1.649
identity_rewrite,3,other,14,ευ,0.5424,1.001,1.5434
identity_rewrite,3,other,15,.progress,0.5359,0.1183,0.6542
identity_rewrite,4,self,1,�,0.9794,-1.0353,-2.0148
identity_rewrite,4,self,2,amburger,0.8455,-0.994,-1.8395
identity_rewrite,4,self,3,enci,0.7967,-0.7011,-1.4978
identity_rewrite,4,self,4,Skin,0.7878,-1.3459,-2.1336
identity_rewrite,4,self,5,Booker,0.7568,-0.6144,-1.3712
identity_rewrite,4,self,6,askan,0.7509,-0.7326,-1.4835
identity_rewrite,4,self,7,ỉ,0.7504,-3.051,-3.8014
identity_rewrite,4,self,8,-responsive,0.7439,1.1657,0.4219
identity_rewrite,4,self,9,unter,0.7386,-1.5745,-2.3131
identity_rewrite,4,self,10,meer,0.7322,0.2884,-0.4438
identity_rewrite,4,self,11,Gaul,0.7306,3.7351,3.0045
identity_rewrite,4,self,12,falls,0.7304,-1.8398,-2.5702
identity_rewrite,4,self,13,tab,0.7266,-0.6773,-1.4039
identity_rewrite,4,self,14,atel,0.7206,4.8391,4.1185
identity_rewrite,4,self,15,.Skin,0.7155,1.3994,0.684
identity_rewrite,4,other,1,ố,1.1705,-0.0536,1.1169
identity_rewrite,4,other,2,ради,0.9434,0.6009,1.5442
identity_rewrite,4,other,3,ymous,0.9193,0.1775,1.0969
identity_rewrite,4,other,4,-boot,0.853,1.2355,2.0885
identity_rewrite,4,other,5,akra,0.8525,2.7528,3.6053
identity_rewrite,4,other,6,slashes,0.8489,1.3265,2.1754
identity_rewrite,4,other,7,ekli,0.8485,2.521,3.3695
identity_rewrite,4,other,8,iddy,0.8479,-0.3529,0.495
identity_rewrite,4,other,9,_forum,0.8471,3.4897,4.3368
identity_rewrite,4,other,10,цький,0.8352,0.097,0.9322
identity_rewrite,4,other,11,.mybatisplus,0.8348,-1.4982,-0.6634
identity_rewrite,4,other,12,Federal,0.8333,-1.538,-0.7046
identity_rewrite,4,other,13,克斯,0.8289,3.4335,4.2623
identity_rewrite,4,other,14,нок,0.8267,-2.0967,-1.27
identity_rewrite,4,other,15,sẻ,0.8255,-1.8458,-1.0202
identity_rewrite,5,self,1,acom,0.9954,1.8522,0.8568
identity_rewrite,5,self,2,ينية,0.9356,0.5814,-0.3541
identity_rewrite,5,self,3,ante,0.9226,2.5303,1.6078
identity_rewrite,5,self,4,ła,0.8911,0.3452,-0.5459
identity_rewrite,5,self,5,kin,0.8895,0.9161,0.0266
identity_rewrite,5,self,6,ilos,0.8636,0.5873,-0.2763
identity_rewrite,5,self,7,ima,0.8574,1.1901,0.3327
identity_rewrite,5,self,8,アー,0.8568,-0.1234,-0.9802
identity_rewrite,5,self,9,�,0.8535,1.2058,0.3523
identity_rewrite,5,self,10,тор,0.8518,-1.0108,-1.8625
identity_rewrite,5,self,11,ینک,0.8455,-0.6303,-1.4758
identity_rewrite,5,self,12,Kin,0.8417,0.4744,-0.3673
identity_rewrite,5,self,13,antes,0.8288,2.7596,1.9308
identity_rewrite,5,self,14,�,0.8131,2.026,1.213
identity_rewrite,5,self,15,rie,0.8088,0.4482,-0.3606
identity_rewrite,5,other,1,ович,0.9635,-0.5394,0.4241
identity_rewrite,5,other,2,ウン,0.8474,2.2612,3.1086
identity_rewrite,5,other,3,CONCAT,0.839,-3.9279,-3.0889
identity_rewrite,5,other,4,phon,0.8352,0.0923,0.9274
identity_rewrite,5,other,5,ordo,0.8237,-3.6688,-2.8451
identity_rewrite,5,other,6,スター,0.8161,-0.4664,0.3497
identity_rewrite,5,other,7,ูล,0.8093,-4.1855,-3.3763
identity_rewrite,5,other,8,ếu,0.8037,1.9167,2.7205
identity_rewrite,5,other,9,ु�,0.7929,4.212,5.0049
identity_rewrite,5,other,10,Crab,0.7913,0.1623,0.9537
identity_rewrite,5,other,11,worth,0.7753,-3.1295,-2.3543
identity_rewrite,5,other,12,Francisco,0.7752,-4.0331,-3.2579
identity_rewrite,5,other,13,ekl,0.7744,2.4833,3.2577
identity_rewrite,5,other,14,Forum,0.7733,0.4436,1.217
identity_rewrite,5,other,15,urent,0.7694,-0.1488,0.6206
identity_rewrite,6,self,1,ilities,1.3637,3.5539,2.1903
identity_rewrite,6,self,2,eger,1.2722,0.2966,-0.9756
identity_rewrite,6,self,3,Mirror,1.2382,-0.7463,-1.9845
identity_rewrite,6,self,4,izon,1.2288,2.1142,0.8855
identity_rewrite,6,self,5,강남,1.1778,3.0495,1.8717
identity_rewrite,6,self,6,Slug,1.1466,0.4402,-0.7064
identity_rewrite,6,self,7,amation,1.1394,-0.4926,-1.632
identity_rewrite,6,self,8,unes,1.1153,1.5757,0.4604
identity_rewrite,6,self,9,ascimento,1.1093,1.7392,0.6299
identity_rewrite,6,self,10,eries,1.1079,1.155,0.0472
identity_rewrite,6,self,11,edi,1.1024,-0.5565,-1.659
identity_rewrite,6,self,12,=[[,1.1022,3.4875,2.3853
identity_rewrite,6,self,13,DSL,1.0923,-0.0952,-1.1876
identity_rewrite,6,self,14,ella,1.0743,-0.9567,-2.031
identity_rewrite,6,self,15,clusive,1.0668,-0.1242,-1.191
identity_rewrite,6,other,1,ErrorException,1.1712,0.8709,2.0421
identity_rewrite,6,other,2,rado,1.0834,-2.2563,-1.1729
identity_rewrite,6,other,3,ウン,1.0817,1.8929,2.9746
identity_rewrite,6,other,4,iginal,1.0706,-0.8254,0.2452
identity_rewrite,6,other,5,rego,1.0569,-0.0869,0.97
identity_rewrite,6,other,6,.ai,1.0478,-0.9379,0.1098
identity_rewrite,6,other,7,�,1.0325,-0.2323,0.8001
identity_rewrite,6,other,8,uyo,1.0288,2.915,3.9437
identity_rewrite,6,other,9,ná,1.0239,-0.698,0.3259
identity_rewrite,6,other,10,quad,1.015,-2.1054,-1.0905
identity_rewrite,6,other,11,chyb,1.0074,1.9931,3.0005
identity_rewrite,6,other,12,gettext,1.0031,2.409,3.4121
identity_rewrite,6,other,13,_BINARY,1.0023,-0.7889,0.2134
identity_rewrite,6,other,14,лей,1.0021,-2.7779,-1.7758
identity_rewrite,6,other,15,củ,0.9982,0.5977,1.5959
identity_rewrite,7,self,1,ersen,1.1454,2.5753,1.4299
identity_rewrite,7,self,2,throp,1.1176,0.6407,-0.4769
identity_rewrite,7,self,3,ilos,1.1079,-0.6313,-1.7392
identity_rewrite,7,self,4,اجر,1.0869,-1.0898,-2.1767
identity_rewrite,7,self,5,IVA,1.0736,0.7895,-0.2841
identity_rewrite,7,self,6,نز,1.072,-3.0885,-4.1605
identity_rewrite,7,self,7,ivism,1.0677,1.0902,0.0224
identity_rewrite,7,self,8,endors,1.0623,-1.1354,-2.1978
identity_rewrite,7,self,9,lég,1.0452,3.8727,2.8274
identity_rewrite,7,self,10,άβ,1.0432,4.2457,3.2025
identity_rewrite,7,self,11,anism,1.0414,2.0852,1.0437
identity_rewrite,7,self,12,aggravated,1.0342,0.9195,-0.1148
identity_rewrite,7,self,13,gebung,1.0253,3.3862,2.3609
identity_rewrite,7,self,14,Nichols,1.0221,0.1207,-0.9014
identity_rewrite,7,self,15,vagina,1.0198,3.8807,2.8609
identity_rewrite,7,other,1,akit,1.2167,2.4542,3.6709
identity_rewrite,7,other,2,noon,1.1882,-1.1167,0.0716
identity_rewrite,7,other,3,><?,1.1354,-5.4707,-4.3353
identity_rewrite,7,other,4,angs,1.0917,0.904,1.9956
identity_rewrite,7,other,5,UiThread,1.066,0.1346,1.2006
identity_rewrite,7,other,6,licos,1.0377,-0.0338,1.0039
identity_rewrite,7,other,7,gettext,1.0372,0.8172,1.8544
identity_rewrite,7,other,8,accru,1.0065,-0.7355,0.271
identity_rewrite,7,other,9,Unsure,0.9916,-0.4847,0.5069
identity_rewrite,7,other,10,kili,0.9914,1.1194,2.1108
identity_rewrite,7,other,11,ैद,0.9868,-0.3811,0.6057
identity_rewrite,7,other,12,摩,0.9777,-0.7927,0.185
identity_rewrite,7,other,13,uien,0.9735,2.3967,3.3702
identity_rewrite,7,other,14,Rag,0.9702,-5.2785,-4.3083
identity_rewrite,7,other,15,cairo,0.9678,0.2361,1.2039
identity_rewrite,8,self,1,kee,1.4025,4.4095,3.007
identity_rewrite,8,self,2,lég,1.2659,3.6732,2.4073
identity_rewrite,8,self,3,adam,1.2432,-0.7021,-1.9453
identity_rewrite,8,self,4,oji,1.2287,0.8139,-0.4148
identity_rewrite,8,self,5,irsch,1.2214,0.5578,-0.6637
identity_rewrite,8,self,6,autocomplete,1.2169,2.2102,0.9934
identity_rewrite,8,self,7,athers,1.203,-2.9989,-4.2019
identity_rewrite,8,self,8,ersen,1.1865,0.531,-0.6554
identity_rewrite,8,self,9,.documentation,1.1255,4.3783,3.2528
identity_rewrite,8,self,10,.middleware,1.1138,2.086,0.9723
identity_rewrite,8,self,11,gall,1.1105,-0.9386,-2.0491
identity_rewrite,8,self,12,Orr,1.1073,3.8097,2.7024
identity_rewrite,8,self,13,評価,1.1048,0.0855,-1.0193
identity_rewrite,8,self,14,-boy,1.0925,-0.2444,-1.3369
identity_rewrite,8,self,15,уже,1.0919,-1.0656,-2.1575
identity_rewrite,8,other,1,neau,1.474,-0.9305,0.5435
identity_rewrite,8,other,2,摩,1.4602,-0.6039,0.8563
identity_rewrite,8,other,3,/vue,1.4489,0.1671,1.616
identity_rewrite,8,other,4,над,1.3348,-2.097,-0.7621
identity_rewrite,8,other,5,吹,1.2942,-3.8453,-2.5511
identity_rewrite,8,other,6,opsis,1.2812,-2.4695,-1.1883
identity_rewrite,8,other,7,\Api,1.2792,0.8803,2.1595
identity_rewrite,8,other,8,odos,1.2628,-2.1872,-0.9244
identity_rewrite,8,other,9,.tokenize,1.2564,-0.4441,0.8122
identity_rewrite,8,other,10,UiThread,1.2266,-1.4657,-0.239
identity_rewrite,8,other,11,руч,1.2234,0.1714,1.3948
identity_rewrite,8,other,12,emm,1.2233,2.2892,3.5125
identity_rewrite,8,other,13,ạm,1.2211,0.6761,1.8972
identity_rewrite,8,other,14,ूत,1.2078,1.6863,2.8941
identity_rewrite,8,other,15,OPSIS,1.2021,-1.7721,-0.57
benign_persistence,1,self,1,erville,0.7378,-2.6336,-3.3715
benign_persistence,1,self,2,TPL,0.7232,5.7665,5.0433
benign_persistence,1,self,3,iểu,0.6867,0.7072,0.0205
benign_persistence,1,self,4,helicopt,0.6749,-1.124,-1.7989
benign_persistence,1,self,5,Discipline,0.6726,-0.5929,-1.2656
benign_persistence,1,self,6,standing,0.6693,1.0527,0.3833
benign_persistence,1,self,7,存于,0.6547,-1.2663,-1.921
benign_persistence,1,self,8,ieu,0.6488,-0.7634,-1.4122
benign_persistence,1,self,9,φυ,0.6486,1.0056,0.3571
benign_persistence,1,self,10,PreferredSize,0.6401,-0.8766,-1.5167
benign_persistence,1,self,11,оюз,0.6369,-1.2463,-1.8832
benign_persistence,1,self,12,ستانی,0.6335,1.8229,1.1894
benign_persistence,1,self,13,isten,0.6316,-3.3383,-3.9699
benign_persistence,1,self,14,trời,0.628,-1.5245,-2.1524
benign_persistence,1,self,15,ами,0.6274,-0.5061,-1.1335
benign_persistence,1,other,1,arro,0.7805,-2.1701,-1.3896
benign_persistence,1,other,2,oola,0.7615,-1.5676,-0.8061
benign_persistence,1,other,3,geb,0.7453,-4.5663,-3.821
benign_persistence,1,other,4,anja,0.6835,-0.4848,0.1987
benign_persistence,1,other,5,nesc,0.6453,0.8198,1.4651
benign_persistence,1,other,6,ampo,0.6419,-3.3295,-2.6876
benign_persistence,1,other,7,angl,0.6346,0.254,0.8886
benign_persistence,1,other,8,egal,0.6174,-1.7612,-1.1438
benign_persistence,1,other,9,isyon,0.6118,0.1476,0.7593
benign_persistence,1,other,10,uce,0.6099,1.4297,2.0396
benign_persistence,1,other,11,_Filter,0.606,-0.5367,0.0694
benign_persistence,1,other,12,sink,0.5907,-2.5148,-1.9241
benign_persistence,1,other,13,sunk,0.5865,-1.1976,-0.6111
benign_persistence,1,other,14,шев,0.5835,0.424,1.0076
benign_persistence,1,other,15,TimeStamp,0.577,1.233,1.81
benign_persistence,2,self,1,vertime,0.7823,0.7418,-0.0405
benign_persistence,2,self,2,ilis,0.7653,0.4729,-0.2924
benign_persistence,2,self,3,TPL,0.7487,3.5671,2.8184
benign_persistence,2,self,4,nett,0.743,-0.6496,-1.3926
benign_persistence,2,self,5,лет,0.7369,-1.6788,-2.4157
benign_persistence,2,self,6,uide,0.7273,0.9662,0.2389
benign_persistence,2,self,7,��,0.7254,0.1626,-0.5629
benign_persistence,2,self,8,enza,0.7223,0.9865,0.2642
benign_persistence,2,self,9,ders,0.7097,3.1436,2.4339
benign_persistence,2,self,10,ria,0.677,1.2471,0.5701
benign_persistence,2,self,11,slippery,0.676,3.8501,3.1741
benign_persistence,2,self,12,편,0.6757,0.8801,0.2044
benign_persistence,2,self,13,hem,0.6739,1.1269,0.4529
benign_persistence,2,self,14,속,0.6671,-1.7729,-2.4399
benign_persistence,2,self,15,.TextAlignment,0.6635,-0.8761,-1.5396
benign_persistence,2,other,1,engan,0.7877,1.7842,2.572
benign_persistence,2,other,2,pronounced,0.7701,3.7021,4.4722
benign_persistence,2,other,3,先生,0.7512,-4.6721,-3.921
benign_persistence,2,other,4,apl,0.7503,0.9739,1.7242
benign_persistence,2,other,5,Guth,0.7224,-3.005,-2.2825
benign_persistence,2,other,6,PartialView,0.7156,2.834,3.5495
benign_persistence,2,other,7,apl,0.7138,-1.6814,-0.9675
benign_persistence,2,other,8,Bulk,0.7135,-3.851,-3.1375
benign_persistence,2,other,9,-toast,0.7054,2.0526,2.758
benign_persistence,2,other,10,ekim,0.6922,0.0761,0.7683
benign_persistence,2,other,11,Ler,0.6918,1.6289,2.3206
benign_persistence,2,other,12,chalk,0.6904,5.6729,6.3633
benign_persistence,2,other,13,ru,0.6867,-4.3984,-3.7117
benign_persistence,2,other,14,余,0.6858,1.4648,2.1506
benign_persistence,2,other,15,geb,0.6812,-6.2823,-5.6011
benign_persistence,3,self,1,orest,0.8408,0.2455,-0.5953
benign_persistence,3,self,2,udit,0.805,3.2915,2.4865
benign_persistence,3,self,3,.scalablytyped,0.7958,1.921,1.1252
benign_persistence,3,self,4,eniable,0.7897,-3.4916,-4.2814
benign_persistence,3,self,5,трон,0.7498,0.1936,-0.5562
benign_persistence,3,self,6,ализи,0.749,-0.1872,-0.9362
benign_persistence,3,self,7,ogui,0.7393,4.8294,4.09
benign_persistence,3,self,8,RECT,0.7281,-1.9555,-2.6836
benign_persistence,3,self,9,ubits,0.7198,0.0118,-0.708
benign_persistence,3,self,10,ycz,0.7119,4.2747,3.5628
benign_persistence,3,self,11,ilet,0.7011,-0.6017,-1.3027
benign_persistence,3,self,12,aliz,0.6834,6.6131,5.9296
benign_persistence,3,self,13,enstein,0.6797,-2.0596,-2.7393
benign_persistence,3,self,14,Ph,0.6708,-1.6885,-2.3593
benign_persistence,3,self,15,iso,0.6691,-0.3741,-1.0432
benign_persistence,3,other,1,ighth,0.7667,-1.6336,-0.867
benign_persistence,3,other,2,ευ,0.7585,0.9267,1.6852
benign_persistence,3,other,3,ilt,0.7357,-2.2998,-1.5641
benign_persistence,3,other,4,ırak,0.7271,-0.0623,0.6649
benign_persistence,3,other,5,createView,0.6963,0.0521,0.7484
benign_persistence,3,other,6,CRT,0.6879,1.4304,2.1183
benign_persistence,3,other,7,σα,0.6759,-1.8249,-1.149
benign_persistence,3,other,8,�,0.6678,-2.395,-1.7271
benign_persistence,3,other,9,trades,0.6628,3.4102,4.073
benign_persistence,3,other,10,�,0.6454,1.6927,2.3381
benign_persistence,3,other,11,Hoy,0.6444,-0.8748,-0.2304
benign_persistence,3,other,12,eldre,0.6421,-2.2783,-1.6362
benign_persistence,3,other,13,аж,0.6405,2.5013,3.1419
benign_persistence,3,other,14,Harr,0.6395,-2.0698,-1.4303
benign_persistence,3,other,15,μφ,0.6371,4.7631,5.4001
benign_persistence,4,self,1,encode,0.9857,-1.835,-2.8207
benign_persistence,4,self,2,enci,0.9157,-0.4298,-1.3454
benign_persistence,4,self,3,Skin,0.9098,-1.1842,-2.094
benign_persistence,4,self,4,�,0.9065,-1.3504,-2.2569
benign_persistence,4,self,5,ỉ,0.9029,-2.7909,-3.6937
benign_persistence,4,self,6,icot,0.9,0.3324,-0.5677
benign_persistence,4,self,7,erb,0.8972,2.8689,1.9717
benign_persistence,4,self,8,BSD,0.8862,3.4307,2.5445
benign_persistence,4,self,9,icap,0.8785,1.5491,0.6706
benign_persistence,4,self,10,antage,0.8705,-3.894,-4.7645
benign_persistence,4,self,11,Wall,0.8433,-1.5981,-2.4414
benign_persistence,4,self,12,duly,0.8392,3.7255,2.8863
benign_persistence,4,self,13,.Skin,0.8289,1.4393,0.6104
benign_persistence,4,self,14,Tub,0.8154,-0.504,-1.3194
benign_persistence,4,self,15,Soci,0.7989,-0.9747,-1.7736
benign_persistence,4,other,1,ố,1.2221,0.0653,1.2875
benign_persistence,4,other,2,-boot,1.0578,1.0712,2.129
benign_persistence,4,other,3,_forum,0.9448,3.4225,4.3673
benign_persistence,4,other,4,Forum,0.9437,3.1104,4.0541
benign_persistence,4,other,5,стоя,0.926,1.9768,2.9028
benign_persistence,4,other,6,�,0.9225,-0.0158,0.9066
benign_persistence,4,other,7,ु�,0.9106,2.1387,3.0493
benign_persistence,4,other,8,.openg,0.9048,3.9917,4.8964
benign_persistence,4,other,9,ourn,0.8968,-0.5389,0.3578
benign_persistence,4,other,10,LOBAL,0.895,0.1008,0.9957
benign_persistence,4,other,11,.until,0.8931,3.1423,4.0354
benign_persistence,4,other,12,ibles,0.8868,-1.3413,-0.4545
benign_persistence,4,other,13,pike,0.8828,0.1474,1.0302
benign_persistence,4,other,14,@show,0.8821,-2.1898,-1.3077
benign_persistence,4,other,15,ради,0.8815,0.6488,1.5304
benign_persistence,5,self,1,alis,1.1885,-3.0077,-4.1962
benign_persistence,5,self,2,umo,1.1857,1.6898,0.5042
benign_persistence,5,self,3,xies,1.156,-1.8188,-2.9748
benign_persistence,5,self,4,aland,1.1158,1.1425,0.0267
benign_persistence,5,self,5,ینک,1.0941,-0.6717,-1.7658
benign_persistence,5,self,6,アー,1.0813,0.0474,-1.0338
benign_persistence,5,self,7,owie,1.057,3.016,1.959
benign_persistence,5,self,8,ينية,1.0519,0.8384,-0.2135
benign_persistence,5,self,9,bows,1.0403,0.4236,-0.6167
benign_persistence,5,self,10,tober,1.0333,0.853,-0.1804
benign_persistence,5,self,11,آب,1.0111,-2.9195,-3.9307
benign_persistence,5,self,12,antee,1.0085,1.0923,0.0838
benign_persistence,5,self,13,책,1.0078,1.4114,0.4036
benign_persistence,5,self,14,strap,0.9894,0.8568,-0.1325
benign_persistence,5,self,15,antar,0.9887,-4.3643,-5.353
benign_persistence,5,other,1,Stability,0.9131,-1.6325,-0.7194
benign_persistence,5,other,2,dent,0.9034,-3.224,-2.3206
benign_persistence,5,other,3,ourn,0.8994,-0.2712,0.6282
benign_persistence,5,other,4,ович,0.8592,-0.4687,0.3904
benign_persistence,5,other,5,597,0.8414,-0.9506,-0.1093
benign_persistence,5,other,6,ोच,0.8409,-1.8492,-1.0083
benign_persistence,5,other,7,Majesty,0.8205,-3.5975,-2.777
benign_persistence,5,other,8,.ProgressBar,0.8203,-0.7936,0.0266
benign_persistence,5,other,9,Howell,0.8179,1.8203,2.6381
benign_persistence,5,other,10,y,0.8134,-3.9291,-3.1157
benign_persistence,5,other,11,dent,0.8039,-1.1253,-0.3215
benign_persistence,5,other,12,yar,0.7967,-0.5851,0.2116
benign_persistence,5,other,13,C,0.7923,0.3834,1.1757
benign_persistence,5,other,14,italic,0.7916,1.0235,1.8151
benign_persistence,5,other,15,Redemption,0.7871,-3.5011,-2.714
benign_persistence,6,self,1,evin,1.5027,3.1484,1.6457
benign_persistence,6,self,2,umo,1.4939,3.223,1.729
benign_persistence,6,self,3,idency,1.4105,3.105,1.6945
benign_persistence,6,self,4,TEE,1.3991,0.9254,-0.4737
benign_persistence,6,self,5,eger,1.3598,0.255,-1.1048
benign_persistence,6,self,6,Pager,1.3421,2.146,0.8039
benign_persistence,6,self,7,ascimento,1.3059,1.6749,0.369
benign_persistence,6,self,8,edom,1.2979,6.115,4.8171
benign_persistence,6,self,9,DSL,1.2842,0.2305,-1.0537
benign_persistence,6,self,10,/System,1.284,-1.5942,-2.8781
benign_persistence,6,self,11,ilities,1.2798,3.5021,2.2223
benign_persistence,6,self,12,Mirror,1.2712,-0.7555,-2.0267
benign_persistence,6,self,13,ilege,1.2641,0.6602,-0.6039
benign_persistence,6,self,14,.documentation,1.2555,4.6968,3.4413
benign_persistence,6,self,15,Samar,1.2418,-1.8538,-3.0956
benign_persistence,6,other,1,éric,1.2717,-1.7839,-0.5122
benign_persistence,6,other,2,italic,1.2061,1.2482,2.4544
benign_persistence,6,other,3,ウン,1.1859,1.6592,2.8451
benign_persistence,6,other,4,Spo,1.136,0.8444,1.9804
benign_persistence,6,other,5,�,1.1124,-2.342,-1.2296
benign_persistence,6,other,6,ingen,1.1062,-0.2523,0.8538
benign_persistence,6,other,7,spo,1.0979,2.8815,3.9794
benign_persistence,6,other,8,修,1.0954,0.096,1.1914
benign_persistence,6,other,9,ErrorException,1.0898,0.9546,2.0444
benign_persistence,6,other,10,place,1.0861,1.185,2.271
benign_persistence,6,other,11,hardt,1.0801,-0.1398,0.9403
benign_persistence,6,other,12,_pixels,1.0698,-0.8425,0.2272
benign_persistence,6,other,13,kili,1.0649,0.6528,1.7177
benign_persistence,6,other,14,Tul,1.0566,-1.1581,-0.1014
benign_persistence,6,other,15,.ai,1.0535,-1.0939,-0.0404
benign_persistence,7,self,1,Emil,1.2193,2.7286,1.5093
benign_persistence,7,self,2,uste,1.1936,1.147,-0.0466
benign_persistence,7,self,3,craft,1.1487,1.8651,0.7164
benign_persistence,7,self,4,posable,1.1225,0.0156,-1.1068
benign_persistence,7,self,5,Pink,1.1069,0.9326,-0.1743
benign_persistence,7,self,6,Ngh,1.0982,0.0207,-1.0775
benign_persistence,7,self,7,Apps,1.0916,-0.4079,-1.4994
benign_persistence,7,self,8,hed,1.0808,2.7391,1.6583
benign_persistence,7,self,9,NF,1.0764,-1.4002,-2.4765
benign_persistence,7,self,10,qed,1.0724,-2.0595,-3.1319
benign_persistence,7,self,11,irsch,1.0692,0.1014,-0.9678
benign_persistence,7,self,12,nick,1.0619,1.9074,0.8455
benign_persistence,7,self,13,Mac,1.0609,-2.0352,-3.0961
benign_persistence,7,self,14,inhal,1.0508,2.2639,1.2131
benign_persistence,7,self,15,Gregg,1.0474,2.3146,1.2672
benign_persistence,7,other,1,kili,1.5947,0.3206,1.9153
benign_persistence,7,other,2,éric,1.323,-4.636,-3.313
benign_persistence,7,other,3,.study,1.3142,-4.1932,-2.879
benign_persistence,7,other,4,洲,1.2525,1.5019,2.7543
benign_persistence,7,other,5,ernal,1.2467,-2.8145,-1.5679
benign_persistence,7,other,6,�,1.2396,-0.4028,0.8369
benign_persistence,7,other,7,lename,1.2382,1.579,2.8172
benign_persistence,7,other,8,idot,1.1814,2.7789,3.9603
benign_persistence,7,other,9,timeofday,1.1781,2.7328,3.9108
benign_persistence,7,other,10,SND,1.1713,-0.003,1.1682
benign_persistence,7,other,11,COND,1.1452,0.2884,1.4336
benign_persistence,7,other,12,zee,1.1376,3.9247,5.0623
benign_persistence,7,other,13,лев,1.1324,-1.1066,0.0258
benign_persistence,7,other,14,consequat,1.1253,-0.4023,0.7231
benign_persistence,7,other,15,bloginfo,1.1224,-1.9893,-0.8669
benign_persistence,8,self,1,nick,1.3884,-0.019,-1.4074
benign_persistence,8,self,2,ży,1.3413,3.4517,2.1104
benign_persistence,8,self,3,aber,1.3336,3.0849,1.7513
benign_persistence,8,self,4,.documentation,1.3299,4.7225,3.3926
benign_persistence,8,self,5,Boy,1.3255,0.103,-1.2225
benign_persistence,8,self,6,Cube,1.2896,-0.3934,-1.683
benign_persistence,8,self,7,Boy,1.288,-1.1563,-2.4443
benign_persistence,8,self,8,oji,1.2866,0.8113,-0.4753
benign_persistence,8,self,9,capt,1.2793,-0.821,-2.1004
benign_persistence,8,self,10,kee,1.2364,4.7526,3.5162
benign_persistence,8,self,11,exampleInput,1.2032,-0.8582,-2.0615
benign_persistence,8,self,12,жи,1.1865,3.5823,2.3958
benign_persistence,8,self,13,Dud,1.1788,0.3503,-0.8285
benign_persistence,8,self,14,Orr,1.1713,4.0823,2.911
benign_persistence,8,self,15,.xx,1.1667,-2.945,-4.1117
benign_persistence,8,other,1,摩,1.6575,-0.7787,0.8788
benign_persistence,8,other,2,neau,1.6362,-1.1515,0.4847
benign_persistence,8,other,3,opsis,1.5601,-2.679,-1.1189
benign_persistence,8,other,4,/vue,1.4933,0.0425,1.5359
benign_persistence,8,other,5,emm,1.4891,1.9865,3.4756
benign_persistence,8,other,6,fod,1.455,0.776,2.2311
benign_persistence,8,other,7,吹,1.4517,-3.9882,-2.5366
benign_persistence,8,other,8,OrNil,1.4507,0.0007,1.4514
benign_persistence,8,other,9,odos,1.359,-2.5612,-1.2022
benign_persistence,8,other,10,야,1.343,-1.0154,0.3276
benign_persistence,8,other,11,ях,1.33,4.0463,5.3764
benign_persistence,8,other,12,руч,1.3283,-0.1034,1.2249
benign_persistence,8,other,13,connexion,1.3073,-1.0246,0.2826
benign_persistence,8,other,14,ering,1.3064,-2.0265,-0.7201
benign_persistence,8,other,15,.dtd,1.3056,0.1932,1.4989
